metric_name,correlation_with_mean_ap_drop,correlation_with_car_ap_drop,correlation_with_ped_ap_drop,correlation_with_cyc_ap_drop,n_points_used
prediction_count_drift,0.38411932271558696,0.3984546778238169,0.24361489023839464,0.3412303116676274,38
score_distribution_drift,-0.13747292621567483,-0.17563451255285367,-0.04917733043260808,-0.12904646317559587,38
class_distribution_drift,-0.015096788098555702,-0.055594912938687104,0.06885181568854525,-0.015503643825562175,38
range_distribution_drift,0.37626041551006423,0.5322601756138757,0.049135279802798366,0.2464333834200815,38
invalid_geometry_rate,,,,,38
empty_prediction_rate,-0.06029957365780797,-0.11656460304203657,0.07388786011416396,-0.050583615764035514,38
temporal_consistency_error,,,,,0
latency_spike_rate,,,,,22
label_free_health_risk,0.25594712641096906,0.2705693118027787,0.15814135231228627,0.21454827360197895,38
